{
  "version": "1.1.0",
  "diagrams": [
    {
      "ordinal": 0,
      "scrollPosition": {
        "x": 0,
        "y": 0
      },
      "nodes": [
        {
          "location": {
            "x": 0,
            "y": 0
          },
          "nodeIndex": "cashflowStatement_annually",
          "nodeLineageTag": "664a23a1-8156-4024-aa24-d70f18b72585",
          "size": {
            "height": 300,
            "width": 234
          },
          "zIndex": 3
        },
        {
          "location": {
            "x": 284,
            "y": 0
          },
          "nodeIndex": "cashflowStatement_quarterly",
          "nodeLineageTag": "af7d0cd2-bb21-4c35-b4ab-30f12cad016c",
          "size": {
            "height": 300,
            "width": 234
          },
          "zIndex": 4
        },
        {
          "location": {
            "x": 0,
            "y": 365.68349799412141
          },
          "nodeIndex": "incomeStatementHistory_annually",
          "nodeLineageTag": "367df451-54e6-4c5b-a4b2-ab79695874c0",
          "size": {
            "height": 300,
            "width": 234
          },
          "zIndex": 5
        },
        {
          "location": {
            "x": 574.66956192392138,
            "y": 0
          },
          "nodeIndex": "incomeStatementHistory_quarterly",
          "nodeLineageTag": "70b77edf-65e5-4342-af0f-2d682907b1f6",
          "size": {
            "height": 300,
            "width": 234
          },
          "zIndex": 6
        },
        {
          "location": {
            "x": 277.0119174634732,
            "y": 370.59200132290152
          },
          "nodeIndex": "balanceSheetHistory_annually",
          "nodeLineageTag": "baec72d3-ae9b-47ec-8939-ee857cc7222e",
          "size": {
            "height": 300,
            "width": 234
          },
          "zIndex": 7
        },
        {
          "location": {
            "x": 580.402424207054,
            "y": 368.86826937313094
          },
          "nodeIndex": "balanceSheetHistory_quarterly",
          "nodeLineageTag": "70386d17-ae89-4aaf-9c9b-40c38187fb50",
          "size": {
            "height": 300,
            "width": 234
          },
          "zIndex": 8
        },
        {
          "location": {
            "x": 864.402424207054,
            "y": 271.29600066145076
          },
          "nodeIndex": "Stock",
          "nodeLineageTag": "8a0ca08f-0a75-45a9-9462-0169c31d8592",
          "size": {
            "height": 128,
            "width": 234
          },
          "zIndex": 9
        },
        {
          "location": {
            "x": 46.009647038332787,
            "y": 751.73225663238327
          },
          "nodeIndex": "Month Wise Income Statement History",
          "nodeLineageTag": "97cb1e7e-22dd-439b-a28f-37102b0889fb",
          "size": {
            "height": 200,
            "width": 234
          },
          "zIndex": 10
        },
        {
          "location": {
            "x": 313.45720293670024,
            "y": 735.179812530751
          },
          "nodeIndex": "Year Wise Income Statement History",
          "nodeLineageTag": "28c29a6f-0633-4977-afe4-c08fe7b827a4",
          "size": {
            "height": 200,
            "width": 234
          },
          "zIndex": 11
        },
        {
          "location": {
            "x": 1013.3943482098562,
            "y": 0
          },
          "nodeIndex": "Month Wise Cashflow Statement",
          "nodeLineageTag": "cb9885ee-06dc-4502-a0de-4143809e844a",
          "size": {
            "height": 200,
            "width": 234
          },
          "zIndex": 12
        },
        {
          "location": {
            "x": 594.56344244035415,
            "y": 725.905267928646
          },
          "nodeIndex": "Year Wise CashFlow Statement",
          "nodeLineageTag": "eec07787-78f0-4e93-a847-6ceac4e16ae5",
          "size": {
            "height": 200,
            "width": 234
          },
          "zIndex": 13
        },
        {
          "location": {
            "x": 1027.7969310301798,
            "y": 476.96168454528458
          },
          "nodeIndex": "Top 10 Stocks by Total Assets",
          "nodeLineageTag": "296916f6-d70c-4dce-9a70-d5727f1296d5",
          "size": {
            "height": 200,
            "width": 234
          },
          "zIndex": 14
        },
        {
          "location": {
            "x": 895.61507278730642,
            "y": 745.21952791721628
          },
          "nodeIndex": "Top 10 Stocks by Total Assets quarterly",
          "nodeLineageTag": "49cfa379-589c-45e1-9b98-cc598580afa4",
          "size": {
            "height": 200,
            "width": 234
          },
          "zIndex": 15
        },
        {
          "location": {
            "x": 1166.4008605580527,
            "y": 233.94708807540385
          },
          "nodeIndex": "Top Stocks by Net income",
          "nodeLineageTag": "7b916a39-f44b-4a00-b6be-9936cbfbf267",
          "size": {
            "height": 200,
            "width": 234
          },
          "zIndex": 1
        },
        {
          "location": {
            "x": 1204.7717524489969,
            "y": 759.77532691627141
          },
          "nodeIndex": "Top Stocks by Net income quarterly",
          "nodeLineageTag": "a4a1f08a-a6c4-4a0e-9ef4-6827355822ee",
          "size": {
            "height": 200,
            "width": 234
          },
          "zIndex": 2
        },
        {
          "location": {
            "x": 1341.3278299422404,
            "y": 483.21514593422341
          },
          "nodeIndex": "Top Stocks by revenue",
          "nodeLineageTag": "a27b0375-d2a5-4084-a400-28895ecf09d8",
          "size": {
            "height": 200,
            "width": 234
          },
          "zIndex": 16
        },
        {
          "location": {
            "x": 1625.3278299422404,
            "y": 379.88766345813571
          },
          "nodeIndex": "Top Stocks by revenue quarterly",
          "size": {
            "height": 200,
            "width": 234
          },
          "zIndex": 0
        }
      ],
      "name": "All tables",
      "zoomValue": 40.745617676845619,
      "pinKeyFieldsToTop": false,
      "showExtraHeaderInfo": false,
      "hideKeyFieldsWhenCollapsed": false,
      "tablesLocked": false
    }
  ],
  "selectedDiagram": "All tables",
  "defaultDiagram": "All tables"
}